﻿{"cameraMode":{"drawMode":0,"name":"Shaded","section":"Shading Mode"},"sceneLighting":false,"audioPlay":false,"sceneViewState":{"showFog":true,"showMaterialUpdate":false,"showSkybox":false,"showFlares":true,"showImageEffects":true,"showParticleSystems":true},"in2DMode":false,"pivot":{"x":73.6352767944336,"y":17.950843811035158,"z":-5.670770645141602},"rotation":{"x":-0.13187801837921143,"y":-0.02616911754012108,"z":0.0034828276839107277,"w":-0.9909145832061768},"size":56.22406768798828,"orthographic":false}