﻿{"cameraMode":{"drawMode":0,"name":"Shaded","section":"Shading Mode"},"sceneLighting":true,"audioPlay":false,"sceneViewState":{"showFog":true,"showMaterialUpdate":false,"showSkybox":true,"showFlares":true,"showImageEffects":true,"showParticleSystems":true},"in2DMode":false,"pivot":{"x":92.90392303466797,"y":9.35727596282959,"z":-91.5811996459961},"rotation":{"x":-0.05344447121024132,"y":-0.9321269392967224,"z":0.15407197177410127,"w":-0.3233364224433899},"size":249.96487426757813,"orthographic":false}